feature_1,target
0.5880145188953979,-0.4567177279301601
0.6991087476815825,-0.7597720832631732
0.18815196003850598,-0.3583364839654218
0.043808563746864815,-0.13678425154261248
0.2050189523942888,-0.1834468375202042
0.10606287447626572,-0.2679632605963452
0.7272401436844548,-0.5198733370890962
0.6794005235251416,-0.5929885113583843
0.4738457034082185,-0.31109251436126834
0.4482958244803046,-0.2732476734128685
0.01910694787246603,-0.05450528358412265
0.7525983372085793,-0.656746313853094
0.6024485390081266,-0.5277049328841495
0.9617775753081896,-0.9514460682699017
0.6643686473564756,-0.4578844392018958
0.6066296193186763,-0.4171238105576407
0.44915131493171645,-0.4428537714600293
0.22535416319269552,-0.2875057135707573
0.6701742968926956,-0.7622735588588341
0.7357665924519133,-0.6365451514023627
0.2579956380781936,-0.2778482291300019
0.09554215386036546,-0.26643345708629923
0.9609097422366777,-0.7545330453498634
0.2517672867680111,-0.103934976439812
0.2821651194436432,-0.19197069237577224
0.7682539346627851,-0.5619588635010517
0.7979233971149834,-0.7534672970603011
0.5440371984004161,-0.6761829368232329
0.3827076306466419,-0.3256748093515346
0.38165095020199724,-0.4541630095711646
0.2858273884771829,-0.3294318668141643
0.7402681531406573,-0.8528299583272423
0.23898683243572905,-0.30466545083591057
0.4377217046498637,-0.38561270900493616
0.8835387027765857,-0.8451531440627856
0.2892811403327177,-0.27280085204388177
0.784506857087421,-0.712754647675771
0.7589536567735904,-0.5742981771360905
0.4177853849344335,-0.3118479935129584
0.225768767596083,-0.06962906066114583
0.42009813893059855,-0.6338787750391393
0.06436369088127136,-0.1933243876453458
0.5964326869209966,-0.3858771780133688
0.8373237223108303,-0.8663009474918792
0.8924863863290551,-0.9375001152641282
0.20052744388322685,-0.3053153601202658
0.5023952343652898,-0.4920419564813226
0.8953818444612753,-0.7208474217431575
0.25592093138827066,-0.44582064683327427
0.8672323429662903,-0.6824513828510533
0.01648793481663091,-0.1246541236786092
0.5524969543710594,-0.3687591467805609
0.5279053864859401,-0.6675509859104574
0.9233503868700185,-0.7745647283214434
0.2459484435262107,-0.09854659308163546
0.06401837615878514,-0.04165087100270064
0.902104704586198,-0.6989822610153986
0.8740398003743294,-0.6069169538718778
0.16366729055286722,-0.16207619406465334
0.9997413066863959,-0.9624051792451517
0.3468039703467236,-0.3813794415791648
0.3128781593441584,-0.20986716831652702
0.847104020990443,-0.8093391158389485
0.8802311026324962,-0.9260866247164194
0.676558651546646,-0.5131947564126388
0.0536751542716537,-0.1812349030154158
0.5592137735196149,-0.5642928009867153
0.6945129418277548,-0.5735278244530871
0.8241973026654624,-0.5479403386650086
0.31142865886197046,-0.28833983174056194
0.5052305408491463,-0.5962198812494063
0.8490037878830786,-0.7106187014208283
0.29351563269757963,-0.26262884385856067
0.6771195506548116,-0.659459459814446
0.42090640219720343,-0.40495863677256067
0.6817127136293417,-0.6737274597952485
0.22122798948648803,-0.07936582375659071
0.548997698432867,-0.5241935454292724
0.8488467194750853,-0.69311791290955
0.7365669013092747,-0.768036900473498
0.49962258628095824,-0.3884315591093015
0.3796649930632635,-0.2557235279491493
0.7875208106001731,-0.634614884293164
0.16886930756498542,-0.18358861469541338
0.5863586139898459,-0.465282432169837
0.4312106707158673,-0.3346860375812445
0.06191018519581948,-0.16968665069981198
0.28945477469410485,-0.1768264795425134
0.734145398346135,-0.703734998874216
0.28865545494447464,-0.41716208533131127
0.39039811413050074,-0.5884332652835046
0.635617323712327,-0.6922897875237677
0.8311488567392082,-0.6935768750470801
0.3194210005732836,-0.34674603943092
0.15922478762464465,-0.15734632885817307
0.7116642159467059,-0.6745812125988707
0.8727086430908736,-0.7035754767977606
0.5931563654250516,-0.6991812663560408
0.6947128788862139,-0.6833846939951792
0.17323332029330274,-0.044105943983118207
0.5317325923046837,-0.5324353968205728
0.8709586206567291,-0.9219975920978339
0.8410902680536633,-0.9069844969279707
0.9720555400219495,-0.9940971495057056
0.7822572097133598,-0.7807367660987323
0.1970305063723703,-0.2416360418208565
0.6106260656089502,-0.6324861384235481
0.478855505911721,-0.5733627903247132
0.6166369960823228,-0.5633110627458373
0.13993324329165469,-0.05649927843357798
0.41123581621951966,-0.4530105199346728
0.7776303394377082,-0.7216933889543937
0.9397255196089525,-1.0456767130413627
0.1045794081834357,0.029449757009821234
0.9384821973096293,-1.1122002298255378
0.7973871717092873,-0.8105820093391507
0.3308027186729964,-0.3346403608987073
0.3117857505088536,-0.18711648405002484
0.29015381999405976,-0.3451389844270701
0.17388959069643262,0.01596640743456562
0.8811495560306797,-0.784960534659024
0.8200564872031378,-0.8015999687640906
0.7366588776027089,-0.6493889985592749
0.8469682305023296,-0.7923767804343713
0.6091156237663355,-0.5780579198851236
0.34423300562790804,-0.2838520093085091
0.22966899144304942,-0.2719117884077361
0.9446257884528371,-0.9374760419747279
0.2917257109424627,-0.2683428703878408
0.4100445859807127,-0.1302362172828131
0.33766427535432,-0.2715726690803003
0.949328595618267,-0.839005019377907
0.2309289325749222,-0.1804895696783803
0.16947203907302644,0.05010939568592812
0.49089763241536255,-0.39084295785031725
0.9047534477513239,-0.8414448076748168
0.8839996873001077,-0.8845235492866163
0.19491159277517978,-0.01628809068461634
0.5202179665846126,-0.4782819985185612
0.17489932390009266,-0.09124095775668631
0.8995458788323055,-0.9084897884829859
0.37819933420664287,-0.3839163450412286
0.7028812830899976,-0.4920224488118884
0.5117454520930317,-0.4347444334380867
0.6348510613108105,-0.49274229805807335
0.9339949409407413,-1.0065578952932854
0.2104902224433528,-0.09392034588206476
0.3362040076294682,-0.3742865762128169
0.6594671821230094,-0.6412324878395483
0.41460336284899224,-0.41678107427319977
0.25531344008713297,-0.19485907607907776
0.875602249302185,-0.8534339609162629
0.401791309204645,-0.498689937600015
0.5613679288917739,-0.4127505269402752
0.17168309743558574,-0.20513950638021589
0.008777935173949314,-0.16157631997346295
0.4087887158381335,-0.09851585963847526
0.10346888516788622,-0.13631340585374235
0.5250468260124054,-0.683447317092295
0.4598609702114582,-0.47732929825682874
0.4115242061832426,-0.3623633504468318
0.7579761599060061,-0.6795924503827643
0.017783427562932164,-0.06330903955078132
0.6128675776584865,-0.4487204129756185
0.6511424263613482,-0.4676200487609803
0.72206680116696,-0.8216154749798168
0.573585438213087,-0.4916977355264196
0.9968571068646945,-0.924507546217753
0.6100515510810508,-0.534586515142873
0.5023623554624255,-0.40487164576375506
0.35382433527072144,-0.4283255454131598
0.14339423252282602,-0.19940242468878194
0.7633674222833304,-0.6108827339038654
0.8665747519208514,-0.7921112304101053
0.4668150963694474,-0.5117018287190773
0.9420867848216234,-0.6303359910975947
0.6941974645044359,-0.7052537691634294
0.721186357455198,-0.787342815766854
0.6034835807941963,-0.5315332292872466
0.8760981203222017,-0.9866567082476105
0.8814587995546425,-0.9612788363005272
0.913824916860111,-0.7133680397300161
0.04117690491102621,-0.03272525327380147
0.8007797288750268,-0.7964304277896282
0.9911918671375408,-0.7514873640188974
0.1264027624257914,-0.06714901773567149
0.14302591365195283,0.004902772903944669
0.06683138463554139,-0.1099133413954604
0.3405274712558657,-0.38960102130996754
0.7963163875003216,-0.7637232152932485
0.5664854964223945,-0.6174437941679092
0.7411762908646435,-0.7980623006129021
0.25723427631024043,-0.24639515225767816
0.6095754284780086,-0.5788433091543517
0.9394392841237987,-0.9728596185897745
0.7396671580134065,-0.7419188840394502
0.3646318002558856,-0.2700999164446247
0.34871727568936284,-0.31929126278809944
0.13353089543798635,-0.049091187614935555
0.8434558264524068,-0.8627232450639196
0.4276203139764627,-0.512277461235643
0.7814583605977611,-0.6566177759938356
0.18972453698542235,-0.2294464381951893
0.003767982008858417,-0.08007923583066161
0.8802606777860795,-0.7979499709886655
0.8804640679127029,-0.7310555861645307
0.5821273656062745,-0.623254127546951
0.10012908415336752,0.0022093772524937327
0.5122482088831739,-0.29983521619792375
0.4886088709315829,-0.43978400671492146
0.49057736171173383,-0.29206387713583326
0.754958476683133,-0.8595505152750977
0.9230034392687457,-0.9278270533991627
0.3330440777183016,-0.31026523033115266
0.6164161585408656,-0.5512881434601664
0.9964066783874884,-0.9557357759943682
0.7844932456463556,-0.4958523785090784
0.8667834717623596,-0.699697446079395
0.946505578290058,-1.0170083658176168
0.43598191611736936,-0.2697983873298374
0.09589632694792494,-0.016119477348514072
0.7503290736570644,-0.6325281233417055
0.8038151769616758,-0.783005869840942
0.3376788689405362,-0.4659467391805197
0.15997912669893732,0.008774515211041889
0.8648828746915797,-0.8262970912749852
0.29213589127474315,-0.06750057990917965
0.15224760977772167,0.050154869435909494
0.11112087160011708,0.010573433932092827
0.2039822980690411,-0.21807999935979197
0.7113443183201725,-0.43170413386365236
0.9338274409109468,-0.7818044498094847
0.04025409231451993,-0.18141641766690408
0.32871910427640316,-0.24892065096011462
0.8725961589973664,-0.6741254031686112
0.4344727151113591,-0.4831839771697646
0.7127224975547477,-0.6149509874946534
0.48982064003732584,-0.5514021674242193
0.30798562407660235,-0.18602196933575288
0.7094975755373917,-0.7334886329608463
0.6027478453237827,-0.6070192572540385
0.4517272993746386,-0.35738948991035224
0.4032847939662383,-0.41769068313665697
0.45670482958997016,-0.3933486256565088
0.6105176795178135,-0.5874924739830416
0.5562012677405163,-0.39399019525329865
0.9422231417590342,-0.7723948911920274
0.7481408527329287,-0.8280575568900084
0.8644826938312581,-0.8490480400350121
0.1900776982619985,-0.3025036081126081
0.027897740282421202,-0.14040098507222895
0.09900928955295729,-0.12493693820330698
0.8427080458741529,-0.7726863225731869
0.35342967509829837,-0.217530572285909
0.4779382155495365,-0.5302946034238124
0.5072157251473371,-0.4172446412761734
0.17503498926577055,-0.13372871078572782
0.6692980461289197,-0.6825129315079649
0.31556335081426845,-0.27822924012321437
0.6652874536183797,-0.5914285715122072
0.24682042235472212,-0.2702968024834181
0.9134630229306548,-0.8701751597101264
0.25723817272059357,-0.24001143279440576
0.3750175673436811,-0.2907463006210816
0.40173623841922323,-0.27097568003787076
0.22049807748735717,-0.06651832306830674
0.6772909210860675,-0.7584129414953538
0.43832558207666616,-0.4372322139365183
0.9336336195203927,-0.7637155062283799
0.3880041004411541,-0.30451479394384734
0.2904259211942699,-0.26860071006080233
0.28011826032534526,-0.06501993306602097
0.6602144988300573,-0.6523600742675659
0.11193869385537714,0.13448098723273746
0.16364783077821632,0.05205614425810107
0.3015467584451609,-0.23143046704225093
0.291499773517659,-0.22009826189158577
0.02355835211542645,0.011047346359813512
0.11906005753299231,-0.17956376409178382
0.7064064622453974,-0.5930390629773695
0.2387837642880417,-0.35670150734666717
0.3786730729200489,-0.5118809150990202
0.1797593932693503,-0.2646409715754272
0.264080664417244,-0.03042371068718247
0.6139795082301929,-0.3854706353335605
0.13566195331544606,-0.08723805547696661
0.7724610208436581,-0.7266112585179951
0.1100632079908227,0.04672348614490565
0.662935961562217,-0.45113585002121526
0.7002013443496777,-0.6973131993898483
0.5137024849086576,-0.47548560887750935
0.28103589774413595,-0.3615774929227308
0.41520574100785856,-0.24336132010663375
0.08151493469818294,0.048167470049422664
0.6176688924483775,-0.6467081690217493
0.8640467441033378,-0.9013188118536049
0.03863816408613796,0.23074002551646416
0.7533962542957886,-0.6445872458585752
0.9685159099519743,-1.0277119912563637
0.792175830586273,-0.7927470227321605
0.12931284690801914,-0.24768787895974817
0.1758536706024686,-0.07054696332153464
0.20791264866223458,-0.4049102523590181
0.5011293886316567,-0.577173973649641
0.8573957287129933,-0.6445861211361291
0.45186262283309453,-0.4392016753002929
0.06793278031377292,-0.17238346349088196
0.7971063228074038,-0.9478825452877072
0.4969137278305339,-0.5151757551276959
0.0702029379086394,-0.044796832188021204
0.6164499948348017,-0.4162293590104455
0.5696456673829942,-0.5337984017340687
0.4724499443507054,-0.5515547262556884
0.3459556065870505,-0.27968566187024635
0.2968386607608713,-0.2786451533042195
0.21632666331390915,-0.3348846698650861
0.5045853167039397,-0.41573578200267525
0.828913844201335,-0.6109939907650379
0.09748939692705094,-0.07776630963185684
0.8102660580034564,-0.7917723200257791
0.10038410225916106,-0.2823170738456181
0.4645309871569202,-0.501906780535289
0.0947989885146776,0.007820013034060658
0.8872367330521955,-0.9633755456206726
0.8129159863803784,-0.7083631568990516
0.89272321505232,-0.9292870348733923
0.22261668466245865,-0.3337737173821355
0.012544492626768933,-0.21041492475446372
0.36181030849510576,-0.2958455244372609
0.7707297976359083,-0.6032872598877141
0.8908959491470523,-0.8759965470667254
0.23329072768080272,-0.2980552730308497
0.6981733629334537,-0.7328387569316887
0.06434807309872248,-0.07273737399397619
0.13283047378495638,-0.04307479779702096
0.1763048911810401,-0.12496661780562268
0.43438306965771756,-0.31146375437570184
0.17872132621858705,-0.1641590506483494
0.4807549411592156,-0.43608399124047814
0.6086046716033156,-0.6897343328175678
0.8529240958318333,-0.8483261221147427
3.345937577703406e-05,0.08596176640873066
0.6381759166042111,-0.6970800359513704
0.05459074696221433,-0.05651617151078607
0.10837179162938715,-0.1441909307849961
0.5247352919079097,-0.23788324692518908
0.205372512663206,-0.255528046089603
0.2569740016007216,-0.22056895184327585
0.22090297940443793,-0.20342633966539367
0.4878495666176105,-0.43046855454473254
0.1379019007477289,-0.13502703258904292
0.7911778185690218,-0.724722830541664
0.054953262716706974,0.02853892586076623
0.7195777990836434,-0.6391523333746969
0.18277725368483022,-0.05063701882109545
0.5082996426877037,-0.43166125597719335
0.624671550898892,-0.7593710473229882
0.8969043632059848,-0.7290747639948624
0.3017294630106232,-0.2643132700537
0.25654244637560375,-0.23507343410400566
0.6317155921880017,-0.6286418030984575
0.9965515282105069,-0.8810588742967504
0.8906934172693473,-0.9291507073866283
0.07143072940565243,0.06405165076067919
0.4847753754261662,-0.5808087063735121
0.37832998337934454,-0.21595867699665663
0.885939721047015,-0.7709741603955843
0.22876767743944815,-0.14521719158561452
0.9990280858090611,-0.9419447091048263
0.3731098365279105,-0.40984577900986174
0.49796338524794126,-0.4295704080680997
0.4976234081025679,-0.3656875755701758
0.00875869295794418,-0.09822249278426559
0.37533085234294195,-0.2564261368605445
0.7278012238544495,-0.7111468074003243
0.7416325470694892,-0.7467598541089019
0.22659424166523723,-0.2310864891494565
0.5258580403105798,-0.35781649926724385
0.711782120292715,-0.6957795195650281
0.478087203142588,-0.43657663216264997
0.0632961673774135,-0.048908247999536685
0.6995780845231392,-0.6078083631267135
0.28214156296661763,-0.18519818579104666
0.4215814304221538,-0.32254090256534074
0.6129984293834665,-0.4165878609704489
0.5106314113524881,-0.44349799216326113
0.6808459522911116,-0.5559648579815684
0.9814407241301999,-0.9128776465041996
0.31886310145036234,-0.40486034190647235
0.11341785026952733,-0.060889805484760855
0.25657959659117613,-0.19263167607139337
0.5899918068669734,-0.5074117689451472
0.5042351376557064,-0.5301188227339519
0.9531971501547376,-0.937441859602958
0.5097081433617848,-0.4592199466134506
0.16902203478302513,-0.212800831849838
0.2685075619332008,-0.07827747811630592
0.9505274943615222,-0.812732993792265
0.44254841255976596,-0.49879023414095125
0.7031009437067819,-0.7066872659065117
0.6102199380687464,-0.6802796373627212
0.28078884471086685,-0.2766586642493203
0.7247175782933823,-0.495532276476033
0.299949792396898,-0.16328449800652278
0.8115736314977754,-0.8035134176031223
0.4211695352132073,-0.4072935917267562
0.07904732828562422,-0.04532679055773195
0.41266630468234045,-0.3978737012162647
0.18417161905326263,-0.3354964171510336
0.8669022342772266,-0.8626910011084856
0.4566933846172577,-0.2841070158329272
0.14974660165745168,-0.2705341379726967
0.3597429366965478,-0.3069225624131118
0.39219482443676146,-0.5033097622367297
0.6374138108853619,-0.5496603115390312
0.977774955071961,-0.9072194045857074
0.3819011184809993,-0.24973852786117945
0.6686277397204248,-0.6701020853328279
0.8265036588796153,-0.5799648780269282
0.9419545479677616,-0.7871369286735983
0.11223424299436024,0.06882526200305837
0.49806206689184707,-0.4450866296419638
0.18047939109816225,-0.1516559783914818
0.0644277928143201,-0.09400898823875459
0.742180278682671,-0.8747127999127994
0.7619891026977782,-0.6803016627649534
0.68419870960634,-0.7251390381776502
0.5302384082615036,-0.4984637514197329
0.9826048568521379,-1.10634156231228
0.3111488915409423,-0.4358250055852665
0.39910537736891816,-0.28725609953406234
0.7726719033999296,-0.7417403106356808
0.30027149337490155,-0.3732957430328018
0.891264524167909,-0.7860670132791564
0.12428543173438722,-0.13774211254935662
0.5272752854588386,-0.4095619620082771
0.7459620696252218,-0.6156770669273721
0.49415108395494056,-0.3211747308740055
0.2955229985639206,-0.25990022128269213
0.40754301756503897,-0.2588737628644597
0.40557761690633454,-0.30699552990661755
0.030241324116158097,0.09807979691089785
0.05873678419018491,-0.05076007275550107
0.5624584444700721,-0.46294094666283664
0.7088214569816712,-0.8527034936295401
0.4385082352601849,-0.3720178484113984
0.5215103145067757,-0.5821872910040877
0.9554837904015197,-0.886827636238763
0.29970267123289596,-0.08571274589858158
0.4573443408130268,-0.7359871873776712
0.44763332822257884,-0.41179398183393157
0.6584533556483049,-0.5772498004396001
0.7140413937142026,-0.7909601443638848
0.44319628853719295,-0.3434284290415963
0.7204074272079176,-0.4909238065417519
0.8378167842476836,-0.9192795099813478
0.5595009980499873,-0.4826049820769294
0.24028613642055296,-0.20606183401049658
0.6286665045532471,-0.4596641070147441
0.4577193634250286,-0.3713742430412286
0.9135073871789768,-0.9350128437342087
0.5634340934196672,-0.5784552594122909
0.8138305387663848,-0.6525608570636459
0.5122218546691081,-0.41931263053747636
0.1773193555993613,-0.3853175873803082
0.5650156849384156,-0.6420529227348576
0.5089206149894222,-0.36205834782405255
0.36343458433755116,-0.3880582910045707
0.015961642132087395,-0.09232340070091252
0.738844218268505,-0.7466489757315156
0.981848521497186,-0.959610710773512
0.8980670377707127,-0.8315522813949798
0.6345378369827385,-0.4899653611009829
0.4433044860308045,-0.5055951138235303
0.5572709561060584,-0.41997104639677113
0.8652123810894796,-0.7678791965270826
0.3339826861640369,-0.2576519155329116
0.7830318118479025,-0.8861116143932495
0.4853689034120957,-0.4479495209832641
0.43777677581024976,-0.47130744135152736
0.3035680191907788,-0.3724226485577446
0.5337278161667731,-0.4846689200361021
0.9364176109597565,-0.8587476263936454
0.4289833429544698,-0.4583303868856353
0.1002987049949885,-0.1513270652200232
0.11190094594775768,-0.1597223550386606
0.542150381593127,-0.3821885562700019
0.1567321896248406,-0.0804729550428172
0.3755738981764135,-0.39274300809927765
0.9205816990574018,-0.6277996694429185
0.4490695324500579,-0.37048951534464386
0.6153403892193489,-0.48637192046025346
0.006063770694226367,-0.006443635534235399
0.8189622537565587,-0.7957675061360759
0.2808442394171018,-0.4711066898787518
0.9351140035074326,-0.8107245565889256
0.15769770577421982,-0.0646533412984042
0.8194171121972752,-0.7845785500366416
0.7408789620298276,-0.5961746254453293
0.7725525463811289,-0.8425310142757142
0.37219374077426914,-0.2482203356318475
0.28948140444240744,-0.38095525430468685
0.5742862672006602,-0.5925210032243103
0.13719835021132487,0.08255257936097593
0.8447967252474954,-0.7552134132498475
0.6102315866606226,-0.6305632011989968
0.6740617899485933,-0.5346446450774885
0.8060223359034236,-0.7002841835182197
0.8830658866365476,-0.7594500764295855
0.7666884990970522,-0.6187211444299717
0.34787927640741856,-0.3224261613742248
0.6512365187692168,-0.6610970104816495
0.24159597874610705,-0.2706022692047014
0.39660943952673433,-0.4998127868475418
0.5061878304753324,-0.44682928271396827
0.5448948832768251,-0.7155984478550366
0.3091426273709629,-0.2301443487830828
0.44290949123091383,-0.4226494321340821
0.37954945686471153,-0.2595203489092562
0.19052699335768086,0.0011530735089247124
0.04180025280478883,-0.031664423428922686
0.18838204312367235,-0.1596378357665558
0.6248878174855526,-0.7310820996210644
0.6166793287250688,-0.6934754231570643
0.46173231791018865,-0.4140819071106157
0.8298041214510113,-0.5540020052750556
0.05216681647164145,-0.041700423968996245
0.14460485957603741,-0.06242150969796133
0.2615345505521798,-0.2956473264077541
0.973344176684756,-0.7173195113631461
0.09170689442883095,-0.0791172833704884
0.8271381035496422,-0.75251391658749
0.8983492067749194,-0.7900366638104912
0.9390451850875383,-0.7240744457624252
0.6528588040924995,-0.6032629319791714
0.41462558857470744,-0.39113982226274163
0.9689464275009322,-0.991419506079342
0.7650636128385944,-0.8154869038009102
0.4962425520177922,-0.4666268717540342
0.9488540286659094,-0.7382955500137238
0.8721829118710169,-0.7731994072893554
0.36542467386681887,-0.3231650085448858
0.2508640584166414,-0.16149344904877233
0.21748523735361236,-0.17255593194509955
0.7629684302733786,-0.6365230055233109
0.43274476481850876,-0.3548642091658712
0.9319654347947663,-0.7456799056409839
0.5232765982270332,-0.4927323960886607
0.17284603189368086,-0.24264085092586296
0.9390223260016536,-0.8619242278443034
0.4280398044628595,-0.3510743543367906
0.71971986172565,-0.6547566266257834
0.3103269271570892,-0.42894462244723586
0.3918693204107909,-0.284061482997195
0.6248973644488348,-0.6466507073994988
0.31801494031009403,-0.1605989267671782
0.7358288302738587,-0.7375409538237142
0.5706039605070091,-0.463858770434393
0.2639299647570005,0.023278991211596878
0.407260497694924,-0.5011871802167277
0.7089326970411688,-0.6398383314053276
0.2512130694027602,-0.2526141777773757
0.2131735203239492,-0.09575578747086334
0.25121720489933275,-0.15344780870534008
0.07679884382342084,0.06809028913318024
0.8585867261778823,-0.6499605944640867
0.610353574021993,-0.38676323920061617
0.15768511849850597,-0.0921092491878808
0.48939157110762455,-0.4214328448666369
0.9276456826835572,-0.793169554653058
0.9884265410968094,-0.94760033697342
0.6836862195132551,-0.562302750332897
0.0034481516306952287,0.14033793417352305
0.7238858681203788,-0.5440246640613716
0.34998789231832905,-0.47748012016583863
0.3209745118623547,-0.2298228291150068
0.5790189613628578,-0.6345818763341046
0.8219060128509598,-0.8772993223327267
0.2005992386421087,-0.19749071790835657
0.40141311358884746,-0.2898280519332616
0.7513841446630032,-0.7136717736973428
0.5259624945400987,-0.6942953031739856
0.32522410062827956,-0.4139927114084216
0.11968656766102725,-0.1207024077637075
0.16838434904233013,-0.06469948964109785
0.5012518567664409,-0.36911479978610906
0.981091981221374,-0.8457007031921564
0.09961320559814146,0.039900933668596206
0.6703719254325843,-0.3951358703221157
0.6834433467827178,-0.5129932142945042
0.20197641721215776,-0.16321134966049178
0.046832392356589536,0.14512951093252488
0.5251243812863154,-0.5670854002386061
0.38133854120420996,-0.5257446946559894
0.9555484050844401,-0.7728364782341128
0.2367176242678687,-0.1357637243842586
0.5139795757693273,-0.4805143458691773
0.3725815761240745,-0.589551332097832
0.6178697790502773,-0.5267403399529309
0.813060634317907,-0.9032554008025261
0.8031611987258873,-0.8702531202921729
0.4342762250490574,-0.4297133742681255
0.185307769206689,-0.0146640993143822
0.447012040169799,-0.39232397121127516
0.060041929734344524,0.10525055217365464
0.5078913551936964,-0.44372375750535226
0.5193718675220534,-0.5823386835869285
0.4976663293895519,-0.5622570111999426
0.27012472669848253,-0.13872831241989647
0.4895773822449767,-0.392981292702837
0.15491788383404403,-0.09905134309750446
0.5627827522685203,-0.5588815138547623
0.44864020987456854,-0.5060299822400766
0.5614714486643158,-0.5496760291192994
0.8623282046977544,-0.8203596448585724
0.7324394322799713,-0.46772940501740723
0.5498078132663694,-0.36150245545298476
0.9614010839175484,-1.1272387571329774
0.527180503887747,-0.49118119374687236
0.2497806232638753,-0.08636036147562651
0.7349498461231418,-0.6072762187323245
0.516299816036297,-0.3403691805888517
0.2814801746273562,-0.5263919671266578
0.01698567192458844,-0.06704521882448782
0.5946715711813174,-0.44640246375380777
0.7886887294700855,-0.6596144866468936
0.3473054804137885,-0.19547834227191102
0.607624183177779,-0.4578203632891398
0.7663539810205722,-0.600270916818297
0.4105934278450434,-0.419948576655626
0.6248651696581683,-0.7350475411877483
0.6920541651968289,-0.6345502540678385
0.43270826506578863,-0.4184158293321493
0.03763017262708257,-0.09992934513634505
0.35657074658649013,-0.3163187212388536
0.4643406063531207,-0.5087065634045271
0.8578735292732246,-0.6935587090912445
0.8347243358016786,-0.8224517566019205
0.12368811674715952,-0.015316596567590046
0.7954292815268289,-0.8148379320729838
0.14935432950073924,-0.13283300141392984
0.3138474658538769,-0.24802946433352183
0.2277847101818865,-0.2967155020408505
0.21063305519295383,-0.28252400162713065
0.6608081849086181,-0.6495911326294248
0.2692073891872866,-0.10173782572830559
0.6319369750186306,-0.5459032909208338
0.6955223050489109,-0.7753516453407735
0.19120778340559763,-0.09704652077646969
0.5055608665869467,-0.4243476354157681
0.4378749283607607,-0.4242907578316612
0.03726818174370172,0.0757305478046443
0.8666314701448112,-0.8502651255427106
0.920465202747954,-0.865805805324347
0.24706717540400513,-0.16008528126692073
0.09650137565637085,0.05691405360209602
0.7560065448672411,-0.6918604133479599
0.12635730992195482,-0.05200529817910833
0.22831194201412686,-0.26914938437461877
0.8002876645354838,-0.5936932917918988
0.564194852857829,-0.45086740032623696
0.6326127794286323,-0.5252504323715982
0.7954022388772828,-0.8547026497805348
0.7620231051285972,-0.8343018485491136
0.6626673526447622,-0.7152333487433263
0.17434713210221287,-0.33856763482416374
0.07476959759362911,-0.25567387610681147
0.2618789851058786,-0.34758294629438136
0.4736185837640231,-0.598246500969361
0.9711922968425477,-0.8919794802265887
0.6008106029330209,-0.4244483427632696
0.5949343334988018,-0.538216856519838
0.4309310865056264,-0.397540132401657
0.7671478331760079,-0.7510290404165116
0.5203721802674894,-0.3078508207087679
0.8214699254343266,-0.7356395121473807
0.3320828410602784,-0.3124224225135261
0.8757314288483625,-0.7458825491364772
0.5846258903686558,-0.3809558781354942
0.6507451056731735,-0.5487025175349982
0.7934638841097218,-0.594293755914342
0.3825489787339681,-0.37305954899224425
0.18298850311735038,-0.23553380857400363
0.18001736435673366,-0.4567138111807236
0.2433405336416612,-0.03760477677061183
0.6986641405007292,-0.7103642018157519
0.5247667223177879,-0.4796945041184707
0.049481509065592455,-0.056536225384410665
0.720913802478207,-0.6671549255122687
0.4970799615570788,-0.48980209919244105
0.8554689809268049,-0.7304694951699284
0.494814462053207,-0.2935728739120851
0.39602410241584685,-0.26454119409971855
0.12852555338553673,-0.1456826717821288
0.34580287128893017,-0.40517327223591826
0.6312867152369889,-0.7053199492915015
0.16680445785267417,-0.22395442346699734
0.7344680801352307,-0.6579194174607194
0.3605674562084775,-0.2970745047633815
0.3724780380422351,-0.47253755603929737
0.25678124196917385,-0.2836841641022298
0.5290769775471413,-0.4234582891920933
0.7742034429711289,-0.6138005355588868
0.42025332188962017,-0.32344431503320653
0.6015759008398547,-0.759115356883456
0.8718212473272718,-0.902603387302003
0.09855231012958754,-0.16920110554122592
0.9222632143479724,-0.8259405826963355
0.003997768920297018,0.1777112788397877
0.8829158060870684,-0.7485034491775263
0.7905128175391981,-0.6907889142585703
0.9616427355464351,-0.9884188516911662
0.7722317247055963,-0.5091190365929984
0.0676220357062246,-0.032823987230322975
0.3706280065004114,-0.17533075363642783
0.022495483955773277,0.008355063792606879
0.27925754272591063,-0.2626269540482088
0.7410840427421089,-0.6861891249595522
0.5309692577040465,-0.5457717626080616
0.6525258971956572,-0.5057387949098902
0.967428128869861,-0.7872009636778152
0.877203327875357,-0.7224976611221778
0.16002315095079234,-0.21406817810503104
0.33361230393562336,-0.203680621185925
0.5531249557193461,-0.5190296030264957
0.8979433788497853,-0.7655611060093722
0.8401254905986041,-0.916855663656034
0.10205102844556546,-0.2285901644893728
0.2703715603316147,-0.08732375791412611
0.4354195169173708,-0.42457821715849875
0.6015168797408067,-0.5057040299373172
0.6312969480049343,-0.6065340209476519
0.9641733877510248,-0.7770098339475354
0.7922591693022063,-0.6571654671545684
0.18629316106560267,-0.08835627205831495
0.6009139715814203,-0.6440229314993051
0.8205148986079698,-0.8272419848956603
0.7521648426506594,-0.8099722295555979
0.8598686924295672,-0.7934949005375004
0.24747751042995225,-0.3933259021092148
0.8601200964304189,-0.8423284641265747
0.6768338751495553,-0.5914975405965899
0.2915843072792752,-0.17069533612733861
0.6019981671278783,-0.6451848792716367
0.9193256040828826,-0.6503612828489856
0.9260177243238131,-0.7958019203268174
0.22732930659728745,-0.09367664273319032
0.348555835952989,-0.43494667265942144
0.25192633165981937,-0.2278272155420162
0.6862274825975195,-0.5455654593369562
0.38810954153879473,-0.3767313289482251
0.10010015074807177,-0.21165757009913877
0.2974944154379626,-0.302277165674273
0.19144978751107533,0.1750909155633137
0.40219640337938956,-0.365425405445928
0.6820912318393202,-0.6075516818332248
0.16063069700786892,-0.24882786182032435
0.8335258281893474,-0.8776548699627722
0.1915720259924294,-0.1780212440571406
0.9197938571385775,-0.9467903506224015
0.5863172579950461,-0.5783094513997511
0.5994268135137073,-0.42606258767156413
0.307543674416219,-0.35971039863907184
0.7206146621169385,-0.6473753446763421
0.16002090451619855,0.10076798240152779
0.20320674594032084,-0.04337106727799406
0.5859603881240136,-0.7820108038786616
0.3141781001059758,-0.1595077786685871
0.9197520649089023,-0.8842879746943669
0.59091814110731,-0.6342462714710304
0.1984567819712577,-0.16673150571260265
0.8244074227051963,-0.9187668945838776
0.40438905683645,-0.31930454726643565
0.22152609560607472,-0.14238846951505912
0.1353761443914725,-0.11782650515604481
0.4790611347781436,-0.2904422357077181
0.6248460685207256,-0.5337172271207542
0.4298750961907538,-0.5648830479680609
0.5137145517971128,-0.6092075643256311
0.7868339423322533,-0.7183279881564236
0.5362067220622795,-0.43816919573233826
0.5851686171683979,-0.42049727164327794
0.22239877381884388,-0.09155755348943137
0.110851300446006,0.1092934920221781
0.1355643121977561,-0.35717505940340916
0.030628061924152572,-0.1196908812891671
0.1798936220064603,-0.10241821415773877
0.8828169571136122,-0.9155291943528623
0.47383401192163965,-0.4146961076981007
0.6961733014042586,-0.7055239704179184
0.9351794842974078,-0.6603174753454454
0.788889394523251,-0.6927830689166017
0.117264539576451,-0.11016518455818769
0.5232615144249784,-0.3964256529954092
0.635630709829809,-0.513932360960904
0.9274210836337519,-0.7800872208324983
0.9009208924963149,-0.9290937736868115
0.181929475601739,-0.24572006290774612
0.3365761331469751,-0.3495790518564841
0.5949359608967892,-0.40597469512255346
0.11885519606838868,-0.0034572372006496377
0.0890638295209002,-0.13431578870096186
0.38368400445638196,-0.37605227495003324
0.16745239735066852,-0.20307328345295714
0.048883045047776186,0.07938678209947723
0.24281417215205392,-0.18987434652106644
0.42076043745181135,-0.33989832346561083
0.4499230760364933,-0.3394687189613992
0.6666797012677808,-0.6616952625313097
0.3086699372843422,-0.24480565966311327
0.7461518294762364,-0.7060622002741762
0.5059384890112645,-0.67325281686841
0.6459286992505915,-0.645543623251064
0.26450266966837965,-0.312503331104505
0.16240994708755652,-0.17229340559996414
0.9202647234044476,-0.808498529812122
0.04432296829399496,0.1628954584210597
0.6501427327613113,-0.6093938311519288
0.4136088465271207,-0.18988234294341758
0.2459581276984485,-0.31263349766259846
0.003380701467460945,0.03793722923799577
0.4006270682240174,-0.2738285307518173
0.20772161243944587,-0.2852019133430795
0.9276238613760497,-0.9741470708209521
0.8978206337918344,-0.6430662568977448
0.7179543276717888,-0.9559146474059865
0.977890690623533,-1.0314084636415692
0.6587911382843937,-0.7153309360333688
0.36159768593277364,-0.4699510425540977
0.7173377810378133,-0.6054102619687138
0.7947404347186906,-0.6711266763912676
0.7731125264250195,-0.714697794079519
0.10076526125819718,-0.027794804309860463
0.6135793912074813,-0.694624012249627
0.7246681517287603,-0.7713757212093066
0.9136492814785796,-0.9950843998580403
0.9345149259670749,-0.8715758723625185
0.98815639055602,-0.929539604550695
0.24839489661343028,-0.23495617947595815
0.34585936106647397,-0.3499273368124751
0.2230536941389084,-0.27007697494220595
0.9654472408912291,-0.7653398722439128
0.19689150666076227,-0.0452969919655026
0.855195272820122,-0.816346108657592
0.4018307397151766,-0.23933449248452138
0.8763117612626499,-0.8185750829319187
0.2875839912757798,-0.16698579801308666
0.21400071136806642,-0.269548379027176
0.3430059021420063,-0.1816213748717238
0.7359196045366485,-0.5761198578271921
0.4434821555667069,-0.21622738359168397
0.3219186751575731,-0.4176703108251378
0.9763348061228491,-0.9253346784836588
0.4420392624171797,-0.36026211889902593
0.18345219397654133,-0.13690305137004802
0.727413440553323,-0.6221449087773241
0.8389836972517235,-0.7265630277786888
0.5290098331431295,-0.48192082265247466
0.20107851604060467,-0.2963696902194016
0.9158651241469047,-0.7913900613574752
0.21341757549668539,-0.21769135116588523
0.6174295158969574,-0.5137705556863683
0.4565460406655816,-0.43259418212792444
0.36942031164973055,-0.26869357191915205
0.7033230506115464,-0.6526321762991557
0.3244509532594868,-0.14282033670517266
0.08901347187623809,-0.1531585605816403
0.104093852985775,-0.09949367329637807
0.8182625490822726,-0.6971432627219254
0.10743208197795662,0.04053940452105888
0.12917370775875592,-0.13957936474009985
0.9819462429190061,-0.8141281477873434
0.39777686248662625,-0.38417191371242837
0.904984118572786,-0.8357035437675975
0.4400583084205488,-0.1936200993851058
0.3373759482028932,-0.36809301722899074
0.8276960972616316,-0.7818118185479102
0.14117158313979805,-0.04000559433324555
0.3777817179137709,-0.30492508784574635
0.7752813343420784,-0.768797781206155
0.733819647732385,-0.6540236168191645
0.9759002925028487,-0.8917989016382483
0.12692050917891362,-0.2389060362944565
0.23364098780520393,-0.04973156277619942
0.5565480676568128,-0.5244926216848786
0.8174293704482343,-0.8201723579297703
0.0944726781076135,-0.22884708307595286
0.4132340828823263,-0.3199153262438045
0.9668050160488662,-0.9311776860105578
0.15634047022093078,-0.13963825327528048
0.8288372593051838,-0.8108318186107814
0.34187722613039195,-0.22880633055747307
0.6176108802998308,-0.499776344157333
0.8456454253400848,-0.6000264201393042
0.37647967093076873,-0.1264673438123865
0.546876755882129,-0.565847614309803
0.4703884930613542,-0.4282417781134901
0.9425277981208501,-0.8286266778931508
0.34371450619188193,-0.2239282428045144
0.14757642043207053,-0.008371225627203438
0.568896947624581,-0.5758577223387412
0.8792291689080414,-0.9566315483859825
0.8235629344840611,-0.7699135607181314
0.5759493289038363,-0.5932762239720079
0.1866024560430949,-0.13905264446704638
0.17943222548744775,-0.18740700924499773
0.4888759539790286,-0.5022856393716167
0.4962678640746089,-0.5127840122914247
0.5219365425047604,-0.48330695680311403
0.7633612121455675,-0.5062961361115477
0.9024848509469419,-0.7776354064257126
0.7692205191608136,-0.6334397588975319
0.9335539015615109,-0.7727183966032489
0.5287260805614312,-0.43817131942003806
0.5329303258087316,-0.5540220416577626
0.9516713143463129,-0.9173172131232137
0.9229521721800095,-1.0452892442895496
0.9480015409243648,-0.8188370415856537
0.049860277374632056,-0.11114173136801694
0.7110395159469622,-0.6440888602869121
0.09598395764448553,-0.3061560330729817
0.8751614340882886,-0.9150922598078893
0.1743756900989215,-0.10949013894044873
0.17681669666208988,-0.20957717595704028
0.34856036160629333,-0.4084148504839084
0.10095645788364915,-0.1530055335411346
0.9410293207887653,-0.9183522660572317
0.23314139298358616,-0.22168872924816102
0.5458338056959426,-0.4395473830826474
0.7355787151486479,-0.661116148325798
0.8748720138330813,-0.7420346631179872
0.350367867594538,-0.3763558338848194
0.7989810811653957,-0.7052507303485487
0.9152931527333616,-0.8890120576225318
0.5777354115817508,-0.5544924063393579
0.9504675420293224,-0.8012863552385644
0.6663962230592975,-0.6503237512987616
0.5195720102549791,-0.4699770790929168
0.5076703577212147,-0.6322821003308071
0.5963901977010543,-0.4510584290833798
0.9390483782476582,-0.8502807812046408
0.43217013573699814,-0.270700023641387
0.6476949457777141,-0.44731593435897
0.12832711451796064,-0.2346414054588667
0.5998155098812901,-0.5141360336011095
0.5894048492783613,-0.5642219186949327
0.008261608658297948,0.09189724761760046
0.8109055121379087,-0.6677114636923096
0.8257800895516468,-0.6548009348070074
0.40571231152761844,-0.5009495273935984
0.11118352990825064,-0.023324101660364582
0.8089940909445928,-0.8637148834904662
0.47284774019045384,-0.42616939546218824
0.3079587280239241,-0.2696049609241491
0.09240550640389023,0.07106489567364975
0.726371106915932,-0.5889556746879823
0.776120913908242,-0.6751103482803547
0.4942052663183564,-0.5144828133044931
0.41676431403758396,-0.4408466731096054
0.6679642623281066,-0.5823175864495167
0.239298505694301,-0.2671961046342347
0.27085981224713007,-0.43381108611121677
0.1251325542218641,-0.003797126230914827
0.3819919975001953,-0.3813594923608355
0.45913474261952514,-0.541707845915224
0.4734221241656026,-0.34354332825248113
0.6815701211574291,-0.5980316926882386
0.21253127885065903,-0.10107928130492663
0.5843042556019882,-0.7352182743517239
0.539839868290637,-0.5510257781563559
0.17275490392681303,-0.10794044176255602
0.8725767566131185,-0.6254268566583409
0.21438192262964584,-0.0721693962064629
0.6046038547299866,-0.6103132217523948
0.8243967327893081,-0.8959894518494256
0.6715323120241564,-0.45820091375623767
0.024012114789297878,-0.09414869199328568
0.6504099846651217,-0.6392496636084477
0.5798410187715489,-0.5351121522743528
0.922468722231823,-0.8245724102868744
0.8716018270516568,-0.8610014607676091
0.2771269021174727,-0.41115499148039525
0.4780253820032444,-0.46008380709227353
0.8787689090818204,-0.6543282316539075
0.06923817595172588,-0.18925380888453386
0.3808137230260543,-0.22095355545555526
0.8484429837876606,-0.7552664942618663
0.20318729336795238,-0.2319715956549779
0.47170586792323643,-0.29756208500164005
0.19760526242399534,-0.08229827502393658
0.5691185454639216,-0.4223939248853122
0.07991393516412038,0.21927640829430697
0.5439091735711726,-0.6544619093025958
0.7315838144255056,-0.7121785785992771
0.4141486671103243,-0.21789094281831342
0.8950212638003952,-0.9046326311090513
0.5790942926656131,-0.48035064723188026
0.2557770495718631,-0.10576135889452679
0.6613153304875509,-0.6773633557920915
0.2837885149622815,-0.21328888205021557
